"","DIRECCION","id"
"1","1ER SECTOR GRUPO 21-A MZ. J LT. 15",301
"151","AA.HH. FLOR DE AMANCAES MZ. A LT. 39",320
"259","AA.HH. VILLA ALEJANDRO  (ALT.PQ.CENTRAL DE MZ.L LT.33",267
"419","AA.HH.NUEVO LURIN   JR. CAHUIDE MZ.5 LT.16",585
"575","AA.HH. LUIS FELIPE DE LAS CASAS MZ. H LOTE 31",605
"647","AA.HH. LAS FLORES DE VILLA MZ. K1 LOTE 39",353
"648","AA.HH. JESUS OROPEZA CHONTA MZ. M LT. 02",541
"696","AA.HH. PROYECTOS ESPECIALES II ZONA MZ. 64 LT. 11",518
"813","AA.HH. 10 DE OCTUBRE 2DA. ETAPA MZ. F6 LT. 1",872
"820","AA.HH. ARMANDO V. DEL CAMPO MZ. 48 LOTE 10",165
"876","AA.HH. CHILLON MZ. 68 LOTE 10 REF: ALT. PARADERO ACOBAMBA",728
"880","AA.HH. CRUZ DE MOTUPE MZ. A LT. 31 Urb. 2DA. ETAPA GRUPO 4",256
"935","AA.HH. ENSENADA CHILLON MZ. LL LOTE 1 A",761
"1096","AA.HH. JESUS PAEZ PALMERAS MZ.K-6 LT.4",493
"1101","AA.HH. JOSE CARLOS MARIATEGUI MZ.P-2 LT.1",79
"1102","AA.HH. LA ENSENADA DE CHILLON MZ. C LOTE13",104
"1104","AA.HH. LAS ESTERAS II ZONA MZ. F LOTE 1 ESQ. CON MZ. G LOTE 11",716
"1106","AA.HH. LOS OLIVOS DE PROLONGACION MZ. A LOTE 48",660
"1108","AA.HH. LOS OLIVOS DE PROLONGACION MZ. P3 LOTE 10",819
"1136","AA.HH. MATEO PUMACAHUA AV. MATEO PUMACAHUA MZ. T LOTE. 01A",625
"1141","AA.HH. MICAELA BASTIDAS CALLE HUAYNA CAPAC 227",636
"1143","AA.HH. SAN GENARO MZ. X LOTE 14",565
"1313","AA.HH. SAN MARTIN DE PORRES MZ. 155 LOTE 40 REF: ALT. MCDO SAN MARTIN",766
"1433","AA.HH. SAN MARTIN DE PORRES MZ. 195 LOTE 16",731
"1439","AA.HH. JOSE MARIA ARGUEDAS MZ. C LOTE 28",560
"1677","AA.HH. PORTADA DE MANCHAY MZ. D LOTE 24",581
"1711","AA.HH. HEROES DE SAN JUAN SECTOR 1 MZ. B LT. 04",835
"1712","ALAMEDA DE LAS BELLAS ARTES 156 Urb. TORRES DE LIMATAMBO",33
"1715","ASOC. DE VIV. LAS BEGONIAS MZ. A LOTE 11",146
"1720","ASOC. DE VIV. SENOR DE LOS MILAGROS MZ. G LOTE 6",44
"1728","ASOC. EL SAUCE II MZ. A LT. 1",329
"1729","ASOC. LA RINCONADA PAMPLONA ALTA LT. 20-A",595
"2015","ASOC. LAS MAGNOLIAS MZ. B LT. 3 A1",514
"2025","ASOC. PORTALES DEL NORTE MZ. D LOTE 6",460
"2157","ASOC. PRIMERO DE MAYO INT. 1A MZ. A LT. 4",513
"2755","ASOC. TAMBO INGA MZ. B LOTE 3",791
"2758","ASOC. VIRGEN DE LAS NIEVES MZ. H LOTE 3",760
"2764","ASOC. VIRGEN DEL CARMEN MZ. G LT. 02",197
"2968","ASOCIACION NAVIDAD DE VILLA MZ. N LOTE 14",549
"3046","ASOCIACION VIRGEN DEL CARMEN MZ. M LT. 25",127
"3118","AV. FRAY BARTOLOME DE LAS CASAS 145",327
"3120","AV. LOS PROCERES 489",617
"3256","AV. PRINCIPAL MZ Y-1 LOTE 17 AA.HH. SAN GENARO",547
"3280","AV. REVOLUCION CERCADO 1300 SECTOR 2 GRUPO 12 MZ. B LOTE 13",619
"3285","AV. SANTA ROSA DE LIMA NORTE 1649 Urb. INCA MANCO CAPAC",867
"3351","AV. 13 DE ENERO 1043 RESIDENCIAL HORIZONTE I ETAPA",509
"3527","AV. JORGE BASADRE OESTE 162 Urb. SANTA ELIZABETH",882
"3687","AV. JUAN ESPINOZA MEDRANO 114 Urb. CAMPOY",506
"3705","AV. 1 ERO. DE MAYO MZ. P LT. 18 Urb. NOCHETO",525
"4113","AV. 13 DE ENERO AA.HH.INCA MANCO CAPAC 1700",529
"4449","AV. 13 DE ENERO MZ. Q1 LT. 24",871
"4589","AV. 13 DE ENERO 1790 - 1792 Urb. INCA MANCO CAPAC",119
"4888","AV. 13 DE ENERO 2282",305
"4904","AV. 13 DE ENERO 2260",290
"5416","AV. 15 DE JULIO LT. 39 Urb. AA.HH. 15 DE JULIO HUAYCAN ZONA B",391
"5836","AV. 15 DE JULIO MZ. 3 LT. 40 Urb. AA.HH. ZONA B",893
"5837","AV. 15 DE JULIO ZONA J LT. 23 Urb. AA.HH. HUAYCAN",191
"5840","AV. 16 DE MARZO 130",743
"5924","AV. 16 DE MARZO 200 A",249
"6344","AV. 2 MZ. K LOTE 3 ASOC. LOS CHASQUIS",430
"6506","AV. 22 DE AGOSTO 1108 Urb. SANTA LUZMILA",789
"6522","AV. 23 DE SETIEMBRE MZ. 47 LOTE 10 AA.HH. MUNICIPAL CHILLON",756
"6564","AV. 24 DE OCTUBRE MZ. H-4 LT. 04 Urb. AA.HH. TUPAC AMARU DE VILLA",839
"6565","AV. 26 DE JULIO 133",704
"6670","AV. 26 DE JULIO 131 (CRUZ YERBATEROS) Urb. SAN PABLO I ETAPA",343
"6931","AV. 26 DE NOVIEMBRE 818 SECTOR NUEVA ESPERANZA",834
"7099","AV. 26 NOVIEMBRE 2016 Urb. PP.JJ. VIRGEN DE LOURDES",555
"7447","AV. 28 DE JULIO 1217",471
"8923","AV. 28 DE JULIO 1421",669
"8991","AV. 28 DE JULIO 2120",645
"8994","AV. 9 DE DICIEMBRE 300",81
"9064","AV. ABANCAY 1172",465
"9259","AV. ABEL B. PETIT THOUARS 2630",428
"9419","AV. ABELARDO GAMARRA 384-388 Urb. EL BOSQUE",30
"9443","AV. AGUSTIN LA ROSA TORO 990 Urb. JAVIER PRADO",355
"9444","AV. ALAMEDA DEL CORREGIDOR 1607 Urb. LAS VINAS",869
"9462","AV. ALAMEDA SAN LORENZO MZ A-6 LOTE 39 Urb. LOS CEDROS DE VILLA",278
"9539","AV. ALAMEDA SUR MZ. H3 LT. 17 Urb. LOS CEDROS DE VILLA",637
"10309","AV. ALEJANDRO BERTELLO 900 Urb. PANDO III ETAPA",432
"10339","AV. ALFONSO UGARTE 1020",771
"10968","AV. ALFONSO UGARTE 348",1
"11004","AV. ALFONSO UGARTE 938",751
"11328","AV. ALFONSO UGARTE 950",782
"11634","AV. ALFONSO UGARTE 900 - 912 JR.  ZORRITOS 119 - 117",385
"11855","AV. ALFREDO MENDIOLA 6594 Urb. SANTA ROSA DE INFANTAS",211
"12174","AV. ALMIRANTE GRAU 844",302
"12339","AV. ANDRES A. CACERES ZONA C MZ. L-1 LT. 23 Urb. AA.HH. HUAYCAN",155
"17259","AV. ANDRES AVELINO CACERES LT.24 Urb. HUYACAN ZONA A",484
"17283","AV. ANDRES AVELINO CACERES 202 Urb. ARENAL SAN JUAN",220
"17331","AV. ANGAMOS ESTE 2111 Urb. PRIMAVERA DE MONTERRICO",702
"17491","AV. ANGAMOS ESTE 282",742
"18131","AV. ANGAMOS ESTE 690",646
"18731","AV. ANGAMOS ESTE 726",649
"19241","AV. ANGAMOS ESTE 774",647
"19801","AV. ANGAMOS ESTE 784",410
"20152","AV. ANGAMOS ESTE 785",724
"20176","AV. ANGAMOS ESTE 2298 AA.HH. REDUCTO 3",795
"20624","AV. ANGELICA GAMARRA 850 ASOC. HIJOS DE LA TAURIJA",361
"20684","AV. ANGELICA GAMARRA 201 Urb. EL TREBOL",36
"20866","AV. ANGELICA GAMARRA 736",472
"20902","AV. ANGELICA GAMARRA AA.HH.HIJOS DE TAURIJA 714",242
"20962","AV. ANTUNEZ DE MAYOLO MZ. C LOTE 10 COOP. EL OLIVAR REF: CDRA 17",781
"20967","AV. ANTUNEZ DE MAYOLO 1034 Urb. COVIDA",244
"21047","AV. ANTUNEZ DE MAYOLO 1173",793
"21547","AV. ANTUNEZ DE MAYOLO 631",367
"21664","AV. ARENALES 1530",262
"21818","AV. ARENALES 1877 A",468
"21986","AV. ARIOSTO MATELLINI 618 Urb. PASEO DE LA REPUBLICA",546
"22000","AV. ARNALDO MARQUEZ 1799",475
"22210","AV. ASTEROIDES MZ.T-2 LOTE 3-C Urb. LA CAMPINA",159
"22245","AV. AUGUSTO B. LEGUIA 198 B COOP. POLICIAL",798
"22249","AV. AVIACION 2744 Urb. SAN BORJA SUR",658
"22745","AV. AVIACION 2898 REF: CRUCE CON FRAY DE LEON",811
"22749","AV. AYACUCHO 1052URB. LOS ROSALES",136
"22752","AV. AYACUCHO 1351 Urb. LIGURIA",193
"24138","AV. BAUZATE Y MEZA 1525",790
"24139","AV. BAUZATE Y MEZA 1560",131
"24229","AV. BELAUNDE OESTE 323 Urb. HUAQUILLAY",408
"24240","AV. BELAUNDE OESTE 855 B Urb. EL RETABLO",266
"24246","AV. BELISARIO SUAREZ 1018-1020",602
"24254","AV. BENAVIDES  5307 URB. LAS GARDENIAS",339
"24590","AV. BENAVIDES 2525",718
"24846","AV. BERNARDINO RIVADAVIA MZ F LT 7 Urb. CERES",885
"24857","AV. BERNARDINO RIVADAVIA MZ. F LT. 10 Urb. CERES 1AR ETAPA",888
"25317","AV. BERNARDINO RIVADAVIA MZ.F LT.7 Urb. CERES",482
"25395","AV. BETA 1950 Urb. EL TREBOL",794
"27215","AV. BOLIVAR 1155",284
"28799","AV. BOLOGNESI 406",553
"29009","AV. BOULEVARD SN CUARTEL GENERAL DEL EJERCITO (PE",243
"29212","AV. BRASIL 2630 A",656
"29246","AV. BRASIL 2660 02",644
"29376","AV. BRASIL 2698",173
"29556","AV. BRASIL 674",653
"29612","AV. BRASIL 904",195
"31250","AV. BRASIL 998",427
"31254","AV. BRIGIDA SILVA DE OCHOA 242",439
"32596","AV. CAMINO REAL 337",271
"33118","AV. CAMINOS DEL INCA 3205",366
"33226","AV. CANADA 1689 Urb. SANTA CATALINA",178
"33550","AV. CANADA 699",175
"33667","AV. CANTO GRANDE MZ.A LT. 01 Urb. AA.HH. JESUS OROPEZA",490
"33835","AV. CANTO GRANDE 201 Urb. URB. CANTO BELLO",881
"33839","AV. CANTO REY INT. 11 MZ.H-1 LT. 5 Urb. CANTO REY",310
"34039","AV. CAQUETA 1076",824
"34111","AV. CARLOS IZAGUIRRE  ASOC.MAGDALENA 669",160
"34135","AV. CARLOS IZAGUIRRE MZ. A LOTE 19",458
"34695","AV. CARLOS IZAGUIRRE 850 Urb. LAS PALMERAS",768
"35171","AV. CARLOS IZAGUIRRE 216 TDA. 1 A 9 - 10 BLOCK A GALERIA SAN LAZARO",378
"35486","AV. CARLOS MARIATEGUI AA.HH.HUAYCAN ZONA E LT. 141 B",520
"35489","AV. CARLOS VALDERRAMA 325 Urb. EL BOSQUE",413
"35496","AV. CARLOS ZAVALA 206",696
"35504","AV. CENTRAL MZ. 110 LOTE 37 AA.HH. ENRIQUE MILLA OCHOA (FRENTE AL COLEGIO ENRIQUE MILLA OCHOA)",806
"35511","AV. CENTRAL MZ. 137 LOTE 26 AA.HH. ENRIQUE MILLA O",264
"35535","AV. CENTRAL MZ. B LOTE 21 SANTA MARIA DE NARANJAL REF: MCDO FATIMA AV. LAS TORRES",678
"35571","AV. CENTRAL MZ. E LTE. 03 Urb. SAN ELIAS",152
"35976","AV. CENTRAL MZ. E LTE. 2 Urb. SAN ELIAS",431
"36231","AV. CENTRAL MZ. R1 LT. 4 Urb. MRCAL. CACERES SEC. II 3 Y 4",895
"36237","AV. CENTRAL 135",40
"36487","AV. CENTRAL 4400 MZ.B-1 LT.18 Urb. AA.HH. MARISCAL CACERES",239
"36532","AV. CENTRAL 498 Urb. SANTA LUISA",268
"36565","AV. CENTRAL 180 PUEBLO JOVEN NUEVA AMERICA",765
"36568","AV. CENTRAL SECTOR 2 RUTA A 1282",73
"36574","AV. CESAR VALLEJO  - AA.HH. LA MENAA.HH. 1395",510
"36860","AV. CESAR VALLEJO AA.HH. VILLAA.HH.RMOSA 1620",521
"36948","AV. CESAR VALLEJO COOP. TAYACAJA 1441",855
"37018","AV. CESAR VALLEJO COOP. TAYACAJA 1443",496
"37021","AV. CESAR VALLEJO 1401 Urb. COOP. TAYACAJA",503
"37437","AV. CESAR VALLEJO 1413 Urb. TAYACAJA",504
"37441","AV. CESAR VALLEJO 1421 Urb. COOPERATIVA TAYACAJA",880
"37451","AV. CESAR VALLEJO 1425 Urb. TAYACAJA",190
"37619","AV. CESAR VALLEJO 1437",157
"37764","AV. CESAR VALLEJO 1445",182
"37788","AV. CESAR VALLEJO 1487",134
"37790","AV. CESAR VALLEJO 1609",341
"37890","AV. CHILLON TRAPICHE MZ. B LOTE 3 A AA.HH. TUNGASUCA III ETAPA",349
"37902","AV. CHINCHAYSUYO 110 Urb. TAHUANTINSUYO",21
"38012","AV. CHINCHAYSUYO 286-A Urb. ZARATE",489
"38132","AV. CHINCHAYSUYO 373 Urb. TUPAC AMARU",123
"38341","AV. CHINCHAYSUYO 383 - 389 Urb. TUPAC AMARU",86
"38485","AV. CHINCHAYSUYO 403 Urb. TUPAC AMARU",446
"38653","AV. CHINCHAYSUYO 684 REF: ALT. COLEGIO HUSARES DE JUNIN",347
"39401","AV. CIRCUNVALACION MZ.A LT.37 Urb. GRUPO LA CAPITANAA.HH.AA.HH.PA",145
"39402","AV. CIRO ALEGRIA COOPERATIVA UNIVERSAL 605",522
"39462","AV. COLECTORA 425 Urb. SANTA PATRICIA 2N ETAPA (FLORA TRISTAN 425 - 427",392
"39501","AV. COLONIAL MZ. 33 LOTE 05",580
"39503","AV. COMANDANTE ESPINAR 136",150
"39543","AV. CONDORCANQUI MZ. Q LOTE 7 Urb. ENACE",454
"39579","AV. CONDORCANQUI MZ. R LOTE 1 ASOC. VILLA CORPAC",665
"39588","AV. CONFRATERNIDAD MZ. J LTE. 22 Urb. SANTA ANA",187
"39596","AV. CONTISUYO 572 MERCADO LOS INCAS TIENDA 20",440
"39656","AV. CORDIALIDAD MZ. G LOTE 43 Urb. PRO",122
"39831","AV. CORONEL FRANCISCO BOLOGNESI 402 A Urb. LA POBLANA",624
"39999","AV. DE LA EMANCIPACION 799",7
"40431","AV. DEL AIRE 531 Urb. SANTA CATALINA",9
"41403","AV. DEL AIRE 756 CDR.19 AV Urb. SANTA CATALINA",259
"41413","AV. DOS 0 MZ.D-6 LT.15 Urb. ASOC. CULT. PERUANA MODERNA",499
"41420","AV. EDUARDO DE HABICH 140-A Urb. INGENIERIA",142
"41690","AV. EDUARDO DE HABICH 684 A Urb. INGENIERIA",744
"41694","AV. EDUARDO DE HABICH 200 ESQ. CON JR.  MICHEL FORT 315 Urb. INGENIERIA",797
"41837","AV. EDUARDO HABICH 504 Urb. INGENIERIA",295
"42137","AV. EL NARANJAL 1197 Urb. PARQUE EL NARANJAL II ETAPA",474
"42197","AV. EL PINO MZ V LT.14ASOC.PROP.LOS ALAMOS",90
"42267","AV. EL TREBOL 7199 Urb. EL TREBOL II ETAPA",773
"42276","AV. EL TRIUNFO 476",184
"42402","AV. ELOY ESPINOZA 798 Urb. PALAO",691
"42600","AV. ENCALADA 938",618
"42732","AV. ESTEBAN CAMPODONICO 115 Urb. SANTA CATALINA",8
"42748","AV. ESTRELLA 222 Urb. SANTA CLARA",536
"42751","AV. ESTRELLA 258 Urb. SANTA CLARA",316
"42752","AV. FAUSTINO SILVA 615-B",321
"42787","AV. FELIPE ARANCIBIA 499",60
"42927","AV. FERNANDO TERAN 990",610
"42929","AV. FRANCISCO BOLOGNESI 141",12
"43025","AV. FRANCISCO BOLOGNESI 400 Urb. MESA REDONDA",314
"43277","AV. FRANCISCO BOLOGNESI 575-A Urb. LOS FICUS",319
"43341","AV. FRANCISCO BOLOGNESI 962 Urb. LOS FICUS",212
"43367","AV. FRANCISCO JAVIER DE LUNA PIZARRO 220 Urb. INGENIERIA",59
"43521","AV. FRANCISCO LUNA PIZARRO 206 Urb. INGENIERIA",433
"43528","AV. FRAY BARTOLOME DE LAS CASAS 117 Urb. LOS JARDINES",816
"43636","AV. FRAY BARTOLOME DE LAS CASAS 353 Urb. LOS JARDINES",68
"43672","AV. FRAY BARTOLOME DE LAS CASAS 471 Urb. LOS JARDINES",654
"43888","AV. GABRIEL TORRES  MZ. M3 LOTE 24",224
"44248","AV. GENERAL ALVAREZ DE ARENALES 1976",734
"44673","AV. GENERAL CORDOVA 1077",67
"44682","AV. GENERAL EUGENIO GARZON 2494",714
"44687","AV. GENERAL GARZON 636",664
"44690","AV. GENERAL VARELA 1473",88
"44802","AV. GENERAL VIDAL 845",94
"44942","AV. GERARDO UNGER 1355 Urb. LOS JARDINES",451
"45020","AV. GERARDO UNGER 7201 Urb. MESA REDONDA",225
"45236","AV. GERMAN AGUIRRE 992",450
"45306","AV. GERMAN AGUIRRE 503 URB. SAN GERMAN",831
"45309","AV. GERMAN AGUIRRE UGARTE 555 Urb. SAN GERMAN",283
"45314","AV. GRAL. ALVAREZ DE ARENALES 393 Urb. SANTA BEATRIZ",424
"45746","AV. GRAN CHIMU 1395 Urb. ZARATE",494
"45790","AV. GRAN CHIMU 741 Urb. ZARATE",533
"45801","AV. GRAU INT. B MZ. C LOTE 18",573
"45977","AV. GRAU 732",174
"46354","AV. GUARDIA CIVIL 108 Urb. LA CAMPINA",41
"46376","AV. GUARDIA PERUANA 1202",616
"46466","AV. GUARDIA PERUANA 327 Urb. MATELLINI",627
"46484","AV. GUILLERMO DE LA FUENTE 247 Urb. SANTA LUZMILA",663
"46504","AV. GUILLERMO PRESCOTT 296",258
"46536","AV. HEROES DEL CENEPA OESTE 387 MZ.63 LT.11 Urb. AA.HH. PROYECTOS ESPECIALES",23
"46546","AV. HONDURAS MZ. E LOTE 3  ASOC. PROP. EL OLIVAR",376
"46547","AV. HONDURAS TDA. 5 REF: ESQ. CON AV. CARABAYLLO Urb. EL PARRAL",675
"46557","AV. HONORIO DELGADO 225",364
"46637","AV. HONORIO DELGADO 259 Urb. INGENIERIA",276
"46649","AV. HONORIO DELGADO 281 Urb. INGENIERIA",800
"46754","AV. HONORIO DELGADO 303 Urb. INGENIERIA",657
"46768","AV. HUANDOY MZ. B4 LOTE 15 URB. PUERTA DE PRO",821
"46773","AV. HUAYLAS 1201 Urb. SAN JUDAS TADEO",631
"47317","AV. IGNACIO MERINO 1805",374
"47321","AV. J.C. MAREATEGUI 194 MZ.H LT.01 Urb. COOP. DE VIV. HUANCAYO",379
"47464","AV. JARDINES ESTE 347 Urb. LAS FLORES",859
"47473","AV. JAVIER PRADO ESTE 219",453
"48957","AV. JOHN F. KENNEDY 407 Urb. VALDIVIEZO",667
"48960","AV. JOSE CARLOS MARAITEGUI (CRUCE CON AV. CESAR VALLEJO) SN Urb. LA MENAA.HH.",543
"49376","AV. JOSE CARLOS MARIATEGUI INT. A 1910 Urb. SAN GREGORIO",317
"49379","AV. JOSE CARLOS MARIATEGUI MZ.R LT.04 Urb. 1N ZONA BAYOVAR",495
"49694","AV. JOSE CARLOS MARIATEGUI 2166 Urb. COOP. VIV. HUANCAYO II",210
"49696","AV. JOSE CARLOS MARIATEGUI 243",229
"49710","AV. JOSE CARLOS MARIATEGUI 261 Urb. SAN GABRIEL",638
"49880","AV. JOSE CARLOS MARIATEGUI 291 Urb. LUCYANA",354
"50413","AV. JOSE CARLOS MARIATEGUI 668",523
"50415","AV. JOSE CARLOS MARIATEGUI 733 INT. B",217
"50420","AV. JOSE CARLOS MARIATEGUI 901 Urb. SAN GABRIEL",241
"51018","AV. JOSE CARLOS MARIATEGUI 944",554
"51482","AV. JOSE CARLOS MARIATEGUI SECTOR VALLECITO ALTO 2398",847
"51499","AV. JOSE CARLOS MARIATEGUI GRP.3 SEC. C SN TDA.31",87
"51565","AV. JOSE DE SAN MARTIN MZ G4 LOTE 13 Urb. TUPAC AMARU",550
"51585","AV. JOSE DE SAN MARTIN 401 Urb. SANTA ISABEL",769
"51858","AV. JOSE GALVEZ 308",703
"51859","AV. JOSE GALVEZ 1298 ESQ. CON TEODORO CARDENAS Urb. SANTA BEATRIZ",796
"52309","AV. JOSE GRANDA 2992",690
"52312","AV. JOSE GRANDA 3537",722
"52344","AV. JOSE GRANDA 3056  AA.HH. CONDEVILLA II ETAPA",240
"52404","AV. JOSE PARDO 233",677
"52744","AV. JOSE RUFINO ECHENIQUE 386  Urb. CIUDAD DE DIOS",568
"52904","AV. JUANA DE ARCO MZ. I 1 LOTE 10 E C.P. ZAPALLAL (OVALO ZAPALLAL)",679
"52906","AV. LA CAPILLA 401",729
"52966","AV. LA MARINA 2543",420
"53050","AV. LA MARINA 3037",746
"53095","AV. LA MOLINA 1017 Urb. LAS ACACIAS",313
"72247","AV. LA MOLINA 870 Urb. MONTERRICO",393
"72927","AV. LA PAZ 962",655
"73037","AV. LAS ALMENDRAS 314 01 Urb. NARANJAL",741
"73043","AV. LAS AMERICAS 970 Urb. BALCONCILLO",135
"73052","AV. LAS FLORES DE PRIMAVERA 1495",340
"73064","AV. LAS FLORES DE PRIMAVERA 1501 - Urb. -",528
"73091","AV. LAS FLORES DE PRIMAVERA 703 Urb. COOP. LAS FLORES",487
"73096","AV. LAS GAVIOTAS MZ. A 10 LT.12 Urb. ASOC. LAS GARDENIAS I ETAPA",485
"73101","AV. LAS LOMAS 1546 Urb. URB. MANGOMARCA ALTA",877
"73107","AV. LAS PALMERAS MZ. K  LTE.9 Urb. VILLA DEL NORTE",77
"73120","AV. LAS PALMERAS 5276",759
"73131","AV. LAS PALMERAS 5543 Urb. VILLA DEL NORTE",372
"73195","AV. LAS PALMERAS 3851 URB. LAS PALMERAS I ETAPA",827
"73197","AV. LAS PALMERAS 5235 ASOC. LA ESPERANZA",775
"73202","AV. LAS VIOLETAS 732 Urb. EL ERMITANO",113
"73562","AV. LAS VIOLETAS 252",829
"73569","AV. LAS VIOLETAS 598 ESQ. CON AV. LOS JAZMINES CDRA. 1",807
"73686","AV. LAS VIOLETAS 778 REF: ALT. COMISARIA Urb. LAS VIOLETAS",255
"73688","AV. LIMA 3799 URB. PERU",89
"73941","AV. LIMA AA.HH. JOSE GALVEZ BARRENECHEA 998 INT.04",621
"74171","AV. LIMA 1053",841
"74471","AV. LIMA 304",603
"74473","AV. LIMA 3827 Urb. PERU",273
"74480","AV. LIMA NORTE 499",189
"74481","AV. LOS ALISOS MZ. O  LTE. 20 Urb. LOS JAZMINES DEL NARANJAL",69
"74491","AV. LOS ALISOS 788 A",411
"74497","AV. LOS ALISOS 798 CRUCE CON AV. LAS PALMERAS I ETAPA Urb. CUETO FERNANDINI",692
"74503","AV. LOS ANGELES 3292 Urb. SOL DE VITARTE SECTOR E",483
"74671","AV. LOS CHANCAS MZ. T  LT. 2 Urb. SAN CARLOS",889
"74678","AV. LOS CLAVELES 116",540
"74686","AV. LOS CONSTRUCTORES 1395 Urb. COVIMA",322
"74854","AV. LOS DOMINICOS MZ. U LOTE 13 Urb. LOS CIPRECES",455
"74869","AV. LOS FRESNOS MZ H-2 LT.12 Urb. PORTADA DEL SOL III ETAPA",109
"75173","AV. LOS HEROES 342URB.SAN JUAN",214
"75189","AV. LOS HEROES 958",137
"75343","AV. LOS HEROES 1196-A",237
"75667","AV. LOS HEROES 491",570
"76177","AV. LOS HEROES 1198  Y  AV MIGUEL IGLESIAS 999 997B Y 997 A",168
"76190","AV. LOS JARDINES OESTE 183 Urb. LAS FLORES DE LIMA",865
"76262","AV. LOS JAZMINES 120 Urb. LAS VIOLETAS",412
"76280","AV. LOS LIRIOS 117-A Urb. ENTEL PERU",629
"76283","AV. LOS LIRIOS 153 MZ.G LOTE 8 Urb. AA.HH.ENTEL PERU",567
"76353","AV. LOS PATRIOTAS 390 Urb. MARANGA",279
"78297","AV. LOS PINOS 125 Urb. VILLA MARINA",852
"78335","AV. LOS PINOS 218 Urb. LAS VIOLETAS",253
"78551","AV. LOS PINOS 298 A Urb. EL ERMITANO",328
"78593","AV. LOS PINOS 490 INT. 11",592
"78602","AV. LOS PINOS 696",199
"78752","AV. LOS PINOS 198 REF: FRENTE MUNICIPALIDAD DE INDEPENDENCIA Urb. ERMITANO",674
"79160","AV. LOS PINOS 687 Urb. EL ERMITANO",444
"79600","AV. LOS POSTES ESTE 106 Urb. SAN HILARION (PARD. POSTE JNT. POLLERIA RONALD)",359
"79609","AV. LOS POSTES ESTE 114",507
"79618","AV. LOS POSTES ESTE 280 Urb. SAN HILARION 2DA. ETAPA",114
"79639","AV. LOS PRECURSORES 248",437
"79645","AV. LOS PRECURSORES 693 Urb. MARANGA",686
"79723","AV. LOS PRECURSORES 746 Urb. MARANGA",265
"79811","AV. LOS PROCERES 139",590
"80405","AV. LOS PROCERES 610 Urb. SAN PEDRO DE GARAGAY",740
"80468","AV. LOS PROCERES 7782 Urb. PRO",662
"88543","AV. LOS QUECHUAS 1365 Urb. LOS PARQUES DE MONTERRICO",879
"88603","AV. LOS ROSALES (PARADERO BANDERA AZUL) 553 Urb. VALDIVIEZO",363
"88610","AV. LOS ROSALES 409 Urb. VALDIVIEZO",74
"88687","AV. LOS SAUCES 366 Urb. LOS SAUCES",202
"88688","AV. LOS TUSILAGOS 427 Urb. ASOC. VIV. LAS VIOLETAS",55
"88702","AV. LOS TUSILAGOS 434 Urb. LAS VIOLETAS",542
"88798","AV. LOS VIRREYES   -   COOP. BENJAMIN DOIG MZ. H LT. 27",531
"88800","AV. LUTHER KING 258",232
"89025","AV. MAESTRO PERUANO 195 Urb. CARABAYLLO",463
"89169","AV. MAESTRO PERUANO 385 Urb. CARABAYLLO",218
"89235","AV. MANCO CAPAC 339",149
"90051","AV. MANCO CAPAC 600",449
"90078","AV. MARIA PARADO DE BELLIDO 200",849
"90089","AV. MARIA PARADO DE BELLIDO 450 Urb. INDEPENDENCIA",375
"90479","AV. MARIANO CONDORCANQUI MZ. T LOTE 10 Urb. SANTO DOMINGO V ETAPA",754
"91137","AV. MATEO PUMACAHUA MZ.ULT.18AA.HH.MATEO PUMACAH",250
"91161","AV. MEJICO 316 INT.B Urb. EL PARRAL",171
"91164","AV. MERINO REYNA 399 AA.HH. RAUL PORRAS BARRENECHEA (ALT. KM 18 AV TUPAC AMARU)",688
"91165","AV. METROPOLITANA MZ.J.LT.1 Urb. TILDA",205
"91549","AV. METROPOLITANA 1214 Urb. ASOC.  PRO.  VIV.  LOS ANGELES",894
"91989","AV. METROPOLITANO MZ.JLT. 15 Urb. ASOCIACION FORTALEZA",75
"92061","AV. MEXICO MZ. B LOTE 24 Urb. SANTA ISOLINIA I ETAPA",138
"92063","AV. MEXICO 2660 Urb. SAN PABLO",747
"92069","AV. MICAELA BASTIDAS MZ.MLT.01GP.21 3ER.SECTOR",62
"92078","AV. MICAELA BASTIDAS 119 Urb. SAN AGUSTIN",252
"92348","AV. MICAELA BASTIDAS 184 Urb. SAN AGUSTIN",179
"92648","AV. MICAELA BASTIDAS 690 Urb. SAN AGUSTIN",368
"92653","AV. MICAELA BASTIDAS SECTOR 01 GRUPO 16 MZ.K LT.01",634
"92654","AV. MIGUEL IGLESIAS 925",561
"92655","AV. MIGUEL IGLESIAS 983 MZ.D-2LT.06",600
"92656","AV. MILITAR 2245",120
"92931","AV. NARANJAL MZ. B LOTE 21 2 Urb. IND. PANAMERICANA NORTE",735
"93021","AV. NICOLAS AYLLON 1094",132
"93030","AV. NICOLAS DE PIEROLA 1429",838
"93494","AV. NICOLAS DE PIEROLA 1433",846
"93496","AV. NICOLAS DE PIEROLA 471",752
"93500","AV. NICOLAS DE PIEROLA 798",717
"93962","AV. NICOLAS DUENAS 114",469
"93963","AV. NICOLAS DUENAS 166  AA.HH. MIRONES BAJOS",695
"94287","AV. NICOLAS DUENAS-MIRONES BAJOS 268",49
"94308","AV. NUEVA TOMAS MARSANO 2410 Urb. LOS JAZMINES",11
"94314","AV. OSCAR R. BENAVIDES ( COLONIAL) 1405",434
"94644","AV. PACASMAYO MZ. B LOTE 18 ASOC. VIV. HORIZONTE DE NARANJAL",719
"94824","AV. PACASMAYO MZ. J LOTE 6B Urb. CHICMABAMBA",730
"94839","AV. PAA.HH.CUTEC 2816",639
"95343","AV. PALERMO 512 Urb. BALCONCILLO",289
"95483","AV. PASTOR SEVILLA MZ. E LT. 6 Urb. COOP. VIRGEN DE COCHARCAS",591
"95489","AV. PASTOR SEVILLAOVALO 1N DE MAYO SN",583
"95493","AV. PEDRO GAREZON  PP.JJ. 1RO.DE OCTUBRE 1464",3
"95549","AV. PEREZ ARANIBAR 358",810
"95554","AV. PERU 1912 Urb. PERU",351
"95602","AV. PERU 2115 Urb. PERU",737
"95755","AV. PERU 2127",802
"95762","AV. PERU 2515 Urb. PERU",715
"95810","AV. PERU 2600",277
"95930","AV. PERU 3261",651
"96234","AV. PERU 3600",281
"96282","AV. PERU 3609 Urb. PERU",162
"96314","AV. PERU 3800 Urb. PERU",452
"96378","AV. PERU 4000",274
"96414","AV. PETIT THOUARS 2500 -2512",52
"96702","AV. PETIT THOUARS 2300 -2302 Y TOMAS GUIDO 298",247
"96792","AV. PETIT THOUARS 2357",54
"96798","AV. PETIT THOUARS 3050",270
"96948","AV. PETIT THOUARS 4099",324
"96954","AV. PETIT THOURS 1996",726
"96961","AV. PRINCIPAL MZ. XLT.14 Urb. P.J.SAN GENARO",143
"97126","AV. PRINCIPAL 144 AA.HH. REDUCTO 3",830
"97350","AV. PROCERES DE INDEPENDENCIA 1760 B Urb. URB. FLORES 78",883
"97359","AV. PROCERES DE INDEPENDENCIA 299 Urb. CHACARILLA DE OTERO",538
"97502","AV. PROCERES DE LA INDEPENDENCIA (ALT. CDRA. 13 CRUCE CON AV. MAQUINARIA) SN",866
"97799","AV. PROCERES DE LA INDEPENDENCIA (ALT. CRDA. 13 Y AV. LAS MAQUINARIAS CDRA. 1) SN",854
"98303","AV. PROCERES DE LA INDEPENDENCIA 3320 Urb. CANTO REY",491
"98309","AV. PROLONGACION MALECON CHECA 325 Urb. COOP. DANIEL ALCIDES CARRION",478
"98323","AV. PUENTE PIEDRA KM. 30.5",721
"98659","AV. PUENTE PIEDRA 388",447
"98771","AV. QUECHUAS 1086 Urb. SALAMANCA",480
"98780","AV. RAMON VARGAS MAA.HH.CA 402 Urb. SAN JUAN",246
"98783","AV. RAMON VARGAS MAA.HH.CA 422",622
"99233","AV. REPUBLICA DE PANAMA 2577",213
"99413","AV. REPUBLICA DE PANAMA 4850",659
"99429","AV. REPUBLICA DOMINICANA 210",373
"99439","AV. REVOLUCION 2001 PJ. COLLIQUE (REF. ESQ. CON JR.  RAMON CASTILLA)",822
"99440","AV. REVOLUCION 2735 PUEBLO JOVEN COLLIQUE IV ZONA",65
"99458","AV. REYNALDO SAAVEDRA PINON 2589 Urb. ELIO",153
"99491","AV. RICARDO PALMA 361",426
"99494","AV. RICARDO PALMA 899",828
"99558","AV. RICARDO RIVERA NAVARRETE 2673",706
"99974","AV. RIOBAMBA 601 Urb. BARRIO SAN JOSE",315
"100268","AV. RIVA AGUERO 1709",502
"100398","AV. RIVA AGUERO 408-A",222
"100399","AV. RIVA AGUERO 725",180
"100441","AV. RIVAGUERO 700 Urb. EL AGUSTINO",539
"102196","AV. ROOSEVELT 953",188
"102625","AV. ROSA TORO 862",57
"104455","AV. SAENZ PENA 298",436
"104466","AV. SAN BORJA NORTE 559",720
"104827","AV. SAN FELIPE 114 Urb. SAN FELIPE",445
"104867","AV. SAN JOSE MZ. A LOTE 3 101 Urb. LOS PORTALES DE CHAVIN III ETAPA AMPLIACION",783
"104875","AV. SAN JOSE MZA. F LOTE. 23",853
"104877","AV. SAN JUAN MZ. C LOTE 1 Urb. GRAMADAL",788
"104899","AV. SAN JUAN 936-A Urb. SAN JUAN DE MIRAFLORES",551
"105343","AV. SAN JUAN ZONA E 602-B",571
"105695","AV. SAN JUAN ZONA-A 1161",578
"105698","AV. SAN LUIS 1720 Urb. SAN BORJA",196
"105706","AV. SAN LUIS 911 Urb. LAS MORAS",164
"105717","AV. SAN MARTIN DE PORRAS MZ B - LT 24 Urb. MARISCAL LUZURIAGA",876
"105842","AV. SAN MARTIN MZ G4 LOTE 15A Urb. AA.HH.TUPAC AMARU DE VILLA",572
"105878","AV. SAN MARTIN MZ.A LT.8 Urb. SANTA CLARA - SANTA CHIARA",124
"105978","AV. SAN MARTIN MZ.D LT.2 Urb. CENTRO POBLADO TAMBO VIEJO",344
"106506","AV. SAN MARTIN 483",817
"106514","AV. SAN MARTIN 750 3 Urb. PASAJE.TUPAC AMARU DE VIL",203
"106560","AV. SANTA ANITA 502 Urb. VILLA MARINA",312
"107358","AV. SANTA ELVIRA MZ. C LOTE 25 Urb. SAN ELIAS",93
"107457","AV. SANTA ELVIRA 6100",275
"107459","AV. SANTA MERCEDES 117 Urb. PALAO",732
"107466","AV. SANTIAGO ANTUNEZ DE MAYOLO 1427 Urb. LOS PINARES",753
"107601","AV. SOL DE NARANJAL MZ.ALT.40 Urb. EL MAYORAZGO II",298
"107721","AV. STA . ANITA 516 Urb. VILLA MARINA",370
"107730","AV. TACNA 698",133
"107884","AV. TANTAMAYO MZ. E LOTE 1 ASOC. DE VIV. SAN JUAN BAUTISTA",257
"108101","AV. TINGO MARIA 1571",58
"108106","AV. TOMAS VALLE MZ. E LOTE 20 B Urb. LUIS ALBERTO SANCHEZ",786
"108107","AV. TOMAS VALLE MZ. E LOTE 21 AA.HH.  LUIS ALBERTO SANCHEZ",466
"108110","AV. TUPAC AMARU COOP. UNIVERSAL 2DA. ETAPA 564",524
"108130","AV. TUPAC AMARU KM 7.5 REF: CALLE LA MERCED Y LAS NAZARENAS",701
"108643","AV. TUPAC AMARU MZ. K LOTE 13 P.J. EL PROGRESO",387
"108647","AV. TUPAC AMARU 128 Urb. EL AGUSTINO",512
"113750","AV. TUPAC AMARU 208 Urb. LA MERCED",464
"113990","AV. TUPAC AMARU 210 Urb. LA MERCED",457
"114005","AV. TUPAC AMARU 2696 Urb. P.J. SANTA ROSA",19
"114007","AV. TUPAC AMARU 2700",680
"114013","AV. TUPAC AMARU 3193 -PUEBLO EL PROGRESO  ESQ.CON PROLONGACION AUGUSTO B. LEGUIA",814
"114014","AV. TUPAC AMARU 3764 Urb. LA MERCED",698
"114045","AV. TUPAC AMARU 3778 AA.HH.LA MERCED",815
"114046","AV. TUPAC AMARU 381 Urb. CARABAYLLO",442
"114064","AV. TUPAC AMARU 514 Urb. COPP. UNIVERSAL 2DA. ETAPA",198
"114274","AV. TUPAC AMARU 5603 Urb. POPULAR SAN JUAN BAUTISTA",763
"114277","AV. TUPAC AMARU 7101 Urb. MESA REDONDA",462
"114457","AV. TUPAC AMARU 194 A PASAJE LA MERCED",215
"114617","AV. TUPAC AMARU 2082 PUEBLO JOVEN RAUL PORRAS BARRENECHEA",709
"114967","AV. TUPAC AMARU 2851 P.J. EL PROGRESO",386
"114971","AV. TUPAC AMARU 3772 AA.HH. LA MERCED",745
"114974","AV. TUPAC AMARU 3782 AA.HH. LA MERCED",725
"115019","AV. TUPAC AMARU 3802 AA.HH. LA MERCED",809
"115036","AV. TUPAC AMARU 5550 PUEBLO JOVEN FEDERICO VILLARREAL",736
"115355","AV. TUPAC AMARU 7080 AA.HH. ANO NUEVO ZONA B REF. ALT. PARADERO DEPOSITO",799
"115390","AV. TUPAC AMARU 7335 COOP. LA CALICHERA ANO NUEVO KM 13.5",421
"115412","AV. TUPAC AMARU 802 PUEB. LA LIBERTAD",785
"115433","AV. TUPAC AMRU 1450  PUEB. RAUL PORRAS BARRENECHEA",823
"115434","AV. TUSILAGOS 397 Urb. LAS VIOLETAS",508
"115473","AV. TUSILAGOS 398 Urb. LAS VIOLETAS",517
"115506","AV. U MZ. T 2 LOTE 18 Urb. SANTO DOMINGO VII ETAPA",318
"115508","AV. UNIVERSITARIA CDRA. 8 TDA. 5 MCDO. SANTA ELENA Urb. EL ROSARIO",416
"115514","AV. UNIVERSITARIA 1076 Urb. TUNGASUCA",448
"115519","AV. UNIVERSITARIA 351 Urb. TUNGASUCA 1RA. ETAPA",296
"115526","AV. UNIVERSITARIA 699",673
"115622","AV. UNIVERSITARIA 818 Urb. PANDO 4TA. ETAPA",13
"116260","AV. UNIVERSITARIA 889 Urb. SANTA LUZMILA",461
"116262","AV. UNIVERSITARIA 9029 Urb. UPIS CIUDAD DE LIMA",228
"116470","AV. UNIVERSITARIA 6058 COLINDA CON JOSE MARIA PAGADOR 181",707
"116551","AV. UNIVERSITARIA NORTE 6105 Urb. SANTA LUZMILA ET.II",757
"116558","AV. UNIVERSITARIA NORTE 8164 Urb. SAN AGUSTIN",697
"116565","AV. UNIVERSITARIA SN INT 139 AA.HH. LOS JAZMINES DEL NARANJALY MCDO. PRODUCTORES TIENDA 74",777
"116571","AV. UNIVERSITARIA Y AV.ANTUNEZ DE MAYOLO MZ. A LTE. 1",117
"117551","AV. URUBAMBA MZ.M-1 LT.51 Urb. COOP. 27 DE ABRIL",388
"117557","AV. URUBAMBA 413 Urb. COOPERATIVA 27 DE ABRIL",390
"117563","AV. VARGAS MAA.HH.CA 116 Urb. URBANIZACION ZONA B",833
"117564","AV. VENEZUELA 1287",666
"118404","AV. VENEZUELA 1585",384
"119364","AV. VENEZUELA 907",812
"119829","AV. VENEZUELA 962",383
"119835","AV. VIA DE EVITAMIENTO AA.HH. CARMEN DE MONTERRICO MZ.B  LT. 15",535
"119839","AV. VICTOR MALASQUEZ PORTADA DE MANCHAY MZ.B LT. 29",607
"119983","AV. VICTOR RAUL HAYA DE LA TORRE 106",64
"120203","AV. VILLA MARIA 1193",601
"120205","AV. VILLA MARIA 1699",850
"120241","AV. VILLA MARIA 528",183
"120433","AV. VILLA MARINA 116 INT.A Urb. VILLA MARINA",845
"120523","AV. VILLARAN 1177 Urb. LOS SAUCES",163
"120703","AV. WIESSE SN AMPLIACION MZ.S-17 LT.41 Urb. CIU.M.C",80
"120704","AV. Y MZ.A1 LTE.39 Urb. PAA.HH.CAMAC",597
"120884","AV.26 DE NOVIEMBRE UR.NUEVA ESPERANZA 969",235
"121604","AV.27 DE DICIEMBRE 1081",633
"121607","AV.ARIOSTO MATELLINI 671",337
"123807","AV.CANTA CALLAO ASOC.MI TERRUNO MZ.ALT.19",204
"123808","AV.CAPITAN ALIPIO PONCE VASQUEZ MZ.Z LOTE.05B Urb. LA CAMPINA",614
"124666","AV.JOSE CARLOS MARIATEGUI 1784 Urb. SAN GABRIEL",311
"125186","AV.JOSE CARLOS MARIATEGUI 2393 Urb. SAN GABRIEL",151
"125706","AV.JOSE MARIA SEGUIN 859 Urb. SAN JUAN",371
"125904","AV.LIMA PP.JJ. VILLA POETA JOSE GALVEZ 991",582
"126324","AV.LIMA PSJ. JOSE GALVEZ MZ.57 LOTE.7",564
"126338","AV.LOS PROCERES 4988-A Urb. PARQUE EL NARANJAL",177
"126346","AV.MIGUEL IGLESIAS 979",569
"126916","AV.PRINCIPAL MZ.B2 LOTE.16 Urb. AA.HH.SAN GENARO DE VILLA",594
"126930","AV.REVOLUCION SECTOR.3 GRUPO.8 MZ.L TE.1",598
"126936","AV.ROOSEVELT 983",576
"126944","AV.SAN JUAN 671 Urb. ZONA A",47
"127263","AV.SAN LUIS Y RIO SURCO 2897 Urb. SAN BORJA",26
"127413","AV.VIA AUXILIAR PANAMERICANA SUR MZ.F LT.7 Urb. AA.HH.. LOS FORESTALES",840
"127422","AV.ZARUMILLA PUEBLO JOVEN JOSE GALVEZ 1563",584
"127842","BARRIO 1SECT.2MZ.BLT.8IV ETP.AA.HH.NAC.UNID.PACH",31
"128051","C.C. SANTA LEONOR MZ X URB. PACHACAMAC",306
"128069","C.H. PACHACAMAC 2DA ETAPA MZ. L LOTE 14",558
"128333","CALLE 15 DE ABRIL MZ. J LT. 31 Urb. AA.HH. MICAELA BASTIDAS 1",129
"128553","CAL. COMERCIAL MZ. I  LT. 36 Urb. AA.HH. MICAELA BASTIDAS SECT 1",892
"128575","CALLE  8 MZ F LT 29 ASOCIACION LA MERCED DE LIMA",640
"128595","CALLE ISMAEL ESCOBAR 338A Urb. PAMPLONA BAJA",606
"128605","CALLE 11 C.P. V SECTOR II ETAPA 8005",685
"128641","CALLE 18 GRUPO 3 AA.HH. CRUZ DE MOTUPE MZ. C LT. 01",856
"128746","CALLE 23 DE SETIEMBRE MZ.47 LOTE.06  AA.HH.MUNICIPAL CHILLON",438
"128750","CALLE 23 162 Urb. CARABAYLLO",676
"128810","CALLE 24 DE OCTUBRE 750 Urb. AA.HH.TUPAC DE VILLA",575
"128819","CALLE 24 OCTUBRE MZ.E5 LOTE.15 Urb. AA.HH. TUPAC AMARU DE VILLA",559
"128833","CALLE 3 MZ.BLT.20 Urb. LAS BRISAS DE ATE",200
"128838","CALLE 3 321 Urb. CARABAYLLO",409
"128922","CALLE 5  MZ. B LOTE 4 ASOC. DE VIV. VILLA EL AMAUTA",687
"128925","CALLE 8 MZ. A-1LT.4 Urb. AA.HH.SAN GENARO",148
"128997","CALLE 8 441 MZ. H LOTE 1 Y 2 Urb. CARABAYLLO",231
"129057","CALLE A  ASOCIACION VIRGEN DE LAS NIEVES MZ-E LT-13",345
"129099","CALLE ALEJANDRO VILLANUEVA 253 Urb. APOLO",272
"129123","CALLE ALFA AGUILA 100 - 102 TDA. 4 Urb. LA CALERA DE LA MERCED",223
"129143","CALLE ALFEREZ ALFREDO SALAZAR 298 Urb. MIRAFLORES",700
"133087","CALLE ANTONIO BUCKINGHAM ZONA A 254",628
"133109","CALLE AREQUIPA 154 Urb. SANTA PATRICIA - II ETAPA",20
"133341","CALLE ARTURO SUAREZ 860 Urb. SAN JUAN",288
"133473","CALLE AUGUSTO B. LEGUIA 113 AA.HH. PROGRESO CARABAYLLO",758
"133475","CALLE C  MZ. G LOTE 18 ASOC. LOS CEDROS DE CARABAYLLO",749
"133713","CALLE CABO GUTARRA 113",362
"133889","CALLE CAHUIDE 531 PUEBLO EL CARMEN",723
"133898","CALLE CARLOS ARRIETA 1494 (ALT. CDRA 14 AV. AREQUIPA)",710
"133900","CALLE CARMEN 980",50
"133904","CALLE CESAR VALLEJO INT. A-1 SN MZ. A LOTE 16",360
"133911","CALLE CHINCHON 909",35
"133943","CALLE CIRO ALEGRIA 245",95
"133952","CALLE COMERCIAL MZ. T LT. 19 Urb. AA.HH. MICAELA BASTIDAS SECTOR I",481
"133957","CALLE CONTUMAZA . MZ.30 LT.17",556
"133964","CALLE E MZ.G LT.4 Urb. LOS PORTALES DE JAVIER PRADO 1RA. ETAPA",27
"133990","CALLE EDGAR ZUNIGA MEDINA 174 Urb. LA VINA",750
"134026","CALLE ENRIQUE BARRON 1201",106
"134196","CALLE ENRIQUE PALLARDELI 400 Urb. SAN AGUSTIN",365
"134202","CALLE F MZ. G LOTE 6 ESQ. CON JUAN EGUSTICAS Urb. SAN ELIAS",699
"134208","CALLE FLOR DE LOTO APV JARDINES MZ. C LT. 13",863
"134215","CALLE GARCIA NARANJO 530",352
"134285","CALLE GENERAL CORDOVA 2300 (REF. ALT. 23 DE ARENALES)",832
"134295","CALLE GRAL. MANUEL MENDIBURU 705 Urb. SANTA CRUZ",406
"134298","CALLE JOSEFINA RAMOS DE COX 125 Urb. PANDO I ETAPA",14
"134396","CALLE JUAN FANNING 401",323
"134434","CALLE JUAN PABLO II 213 Urb. BENJAMIN DOIG LOSSIO",236
"134634","CALLE JUSTO PASTOR BRAVO MZ. 3PB LOTE.75 URB. BARRIO OBRERO",801
"134637","CALLE LAS ALONDRAS 379 Urb. SANTA ANITA 1N SECTOR",501
"134665","CALLE LAS CAMPANILLAS 138 Urb. PAULO VI",15
"134854","CALLE LAS FLORES 427 Urb. LA ALBORADA",37
"134875","CALLE LAS MORERAS 82 Urb. LA PORTADA DE CERES",537
"134935","CALLE LAS NAZARENAS 115 Urb. LA MERCED",694
"135141","CALLE LAS PALMERAS MZ. I LT. 17 Urb. SANTA ANITA 1ER. ETAPA",526
"135149","CALLE LAS PONCIANAS MZ B LT 1 Urb. AA.HH.HEROES DE SAN JUAN",369
"135150","CALLE LAS RETAMAS (ALT. POSTA MEDICA DE CHACLACAYO) 364",505
"135166","CALLE LAS TUNAS 231 Urb. LOS RECAUDADORES DE SALAMANCA",227
"135184","CALLE LAS VIOLETAS MZ. G LT. 4 Urb. VILLA SANTA ANITA",870
"135314","CALLE LAS ZARZAMORAS 189 INT. 193",884
"135320","CALLE LLOQUE YUPANQUI 140 Urb. TAHUANTINSUYO",473
"135510","CALLE LOMA REDONDA 363 Urb. PROLONG.BENAVIDES",300
"136110","CALLE LOS AYMARAS 102 Urb. RESIDENCIAL SALAMANCA",230
"136149","CALLE LOS CEDRELAS N# 159 URB. EL PALMAR",17
"137241","CALLE LOS MOGABUROS 134",429
"137253","CALLE LOS PICARONES MZ.Z LT.01 Urb. SAN JUAN BAUTISTA",851
"137258","CALLE LOS PUMAS 197 Urb. PASEO DE LA REPUBLICA",154
"137426","CALLE LOS ROSALES MZ.FLT.13 COOP.VIVIENDA  UMAMARCA",147
"137566","CALLE MANCO INCA 204 Urb. SAN AGUSTIN II ETAPA",326
"137601","CALLE MARCARA 5077 Urb. PARQUE EL NARANJAL",422
"137609","CALLE MARIANO CONDORCANQUI MZ. O LOTE 26 Urb. SANTO DOMINGO II ETAPA",784
"137624","CALLE MARISCAL ANDRES AVELINO CACERES 199 INT.5",577
"137640","CALLE MARISCAL ANDRES AVELINO CACERES 299",586
"137647","CALLE MIGUEL SURICHAC MZ. B LOTE 1 COOP. VIRGEN DE GUADALUPE REF: CDRA 4 DE ANGELICA GAMARRA",764
"137655","CALLE 2 MZ.E LT.44 Urb. LA PRADERA DE STA. ANITA",181
"137662","CALLE NAVARRO 353 HIGUERETA 2DA. ETAPA",32
"137758","CALLE P MZ. 61 LOTE 1 Urb. TORRE BLANCA I ETAPA REF: ALT. KM 24 DE AV. TUPAC",762
"137759","CALLE PARIAHUANCA 788 Urb. EL PARQUE NARANJAL I ETAPA REF: ALT. CS C. CUETO F",779
"137765","CALLE PEREZ TUDELA EDIFICIO T. INT. 104 Urb. PROCERES",623
"137785","CALLE PROGRESO PUEB. VITARTE CENTRAL 104",860
"137809","CALLE REFLEXION MZ. BBB5 LOTE 10 Urb. PROLONGACION V SECTOR II ETAPA",792
"137811","CALLE SN  MIGUEL GRAU MZ.L LT.40",208
"137813","CALLE SN MZ. K LT. 37",357
"137816","CALLE SIMON SALGUERO 557URB.LOS MANZANOS",260
"138874","CALLE TAPACOCHA MZ.. U LOTE 19-A URB. PARQUE NARANJAL",820
"138888","CALLE TENIENTE DIEGO FERRE 154 Urb. RIGEL",105
"138996","CALLE TEOFILO CASTILLO 489 Urb. EL APOLO",470
"139547","CALLE TORRE TAGLE 1992",112
"139646","CARRETERA CENTRAL KM 11500 MZ.E. LT.35 Urb. ASOC. HIJOS DE APURIMAC",156
"139654","CARRETERA PANAMERICA SUR KM. 43",632
"140200","COOP. DE VIV. VIRGEN DE FATIMA MZ. B 1 LOTE 15 1E",92
"140203","COOP. VIV. RAMIRO PRIALE PRIALE MZ. Y LT. 01 Urb. .",890
"140239","CPR SANTA ANITA CALLE 02 MZ. G LT. 02-A",611
"140243","DONA DELMIRA 202 INTERIOR.T-101 Urb. LOS ROSALES",599
"140363","ESCUELA MILITAR CLINICA MILITAR SN Urb. VILLA MILITAR",608
"140372","GALERIA SAN FELIPE  RESIDENCIAL SAN FELIPE 114",233
"140757","GRUPO 03 AA.HH. CRUZ DE MOTUPE MZ.B LT. 13",498
"140807","GRUPO 5-A    SECTOR 6 MZ. I   LT. 01",843
"140816","HUERTOS DE MANCHAY MZ. B-16 LOTE 20",630
"140864","HUIRACOCHA SN",441
"140892","JOSE TORRES PAZ 386 Urb. CIUDAD DE DIOS",338
"141191","JR. TOLOMEO 131 Urb. LA CAMPINA",552
"141236","JR.   GRAN  CHIMU COOP. ANDAHUAYLAS 102",530
"141300","JR.  3 DE FEBRERO 1279 Urb. APOLO",293
"141570","JR.  8 DE ENERO 115 P.J. EL CARMEN KM 14",78
"141810","JR.  ABRAHAM VALDELOMAR 510 Urb. PASCANA",805
"141909","JR.  ABTAO 1201",672
"143649","JR.  AGUARICO 731",813
"144012","JR.  ALCA 216 PUEBLO JOVEN CONDORCANQUI",774
"144018","JR.  ALFREDO I. LEON 275",76
"144042","JR.  ANCAA.HH.2538 Urb. AA.HH. ANCIETA ALTA",886
"144043","JR.  ANDAHUAYLAS 309",652
"144427","JR.  ANTONIO RAYMONDY 800",307
"144475","JR.  ARAVICUS 268 Urb. TAHUANTISUYO I ZONA",808
"144476","JR.  ARENILLAS 139 Urb. ZARUMILLA",207
"144746","JR.  AREQUIPA 281",194
"144749","JR.  ASUNCION 854 A COOP. EL PARRAL KM 11",125
"144758","JR.  AYACUCHO 1100",5
"145262","JR.  AYACUCHO 1181",713
"145270","JR.  BELLA UNION 460",681
"145271","JR.  BOLOGNESI CDRA.CINCO SN",377
"145501","JR.  BOLOGNESI 334",101
"145506","JR.  BRUNO TERREROS 247",292
"145508","JR.  BUENAVENTURA AGUIRRE 293",574
"145512","JR.  CAJABAMBA 281",303
"145513","JR.  CAJAMARCA 3973",407
"145515","JR.  CAMANA 398",263
"145569","JR.  CAMANA 700",748
"145943","JR.  CAA.HH.AZ 500",96
"146073","JR.  CARLOS MONGE 206",804
"146085","JR.  CASTILLA 690",83
"146163","JR.  CASTRO VIRREYNA 209",206
"146247","JR.  CESAR VALLEJO 232 Urb. UNIVERSAL I ETAPA",500
"146251","JR.  CHAVIN MZ 1 - LT 16 Urb. COOP. CHANCAS DE ANDAHUAYLAS",878
"146253","JR.  CHINCHA 399 Urb. MESA REDONDA",46
"146259","JR.  CHINCHAYSUYO 180 Urb. ZARATE",486
"146667","JR.  COCHARCAS AA.HH. HORACIO ZEVALLOS GOMEZ MZ. M5 LT. 04",534
"146766","JR.  CONDESUYOS 450  PUEBLO CONDE DE LA VEGA BAJA",670
"146799","JR.  CONRRAY GRANDE 4922 Urb. PARQUE NARANJAL",111
"146801","JR.  CUZCO 3385 Urb. PERU",418
"146997","JR.  CUZCO 243 CH. LA FLOR",170
"147003","JR.  DANTE 1000",648
"147723","JR.  DE LA UNION 284 Urb. COOP. 27 DE ABRIL",477
"147728","JR.  DE LA UNION 289 Urb. COOP. 27 DE ABRIL",862
"147729","JR.  DEL PASO MZ.E-6LT.16 Urb. AA.HH. SU SANTIDAD JUAN PABLO II",394
"147774","JR.  DEL PASO Y JR.  PARALELO    AA.HH.  10 DE OCTUBRE 3ERA. ETAPA MZ. C1 LT.1",280
"147779","JR.  ENRIQUE LEON GARCIA 518 Urb. SANTA CATALINA",780
"147959","JR.  ENRIQUE LLOSA 206",772
"148379","JR.  ENRIQUE PALACIOS 1062",121
"148509","JR.  FLOR DE MAYO 193 Urb. LAS VIOLETAS",348
"148883","JR.  FRANCISCO DE ZELA 1613",738
"149205","JR.  FRANCISCO MOREYRA Y RIGLIOS 440 Urb. LOS CIPRESES",245
"149268","JR.  GRAL MIGUEL BAQUERO 197",4
"149272","JR.  GRAL.JUAN VALER 656 Urb. LA MAR",297
"149276","JR.  GRANDE AA.HH. JOSE CARLOS MARIATEGUI MZ. H1 LT. 4",532
"149277","JR.  GRAU 340",545
"149373","JR.  GRAU 309",615
"149453","JR.  GREGORIO PAREDES 300",2
"149621","JR.  GUARDIA CIVIL NORTE MZ E LT 22. Urb. VILLA ALEGRE",643
"150037","JR.  GUARDIA CIVIL SUR 406 Urb. VILLA  ALEGRE",842
"150058","JR.  HUAMAN POMA DE AYALA 846-A Urb. PEDREGAL",186
"150060","JR.  HUANCARQUI 1450 PUEBLO EL PLANETA",682
"150070","JR.  HUARAZ 1499",382
"150073","JR.  HUIRACOCHA 1650 ALT. CDRA 15 AV. BRASIL",286
"150955","JR.  HUSARES DE JUNIN 495",63
"151189","JR.  IGNACIO MERINO 1872",53
"151208","JR.  IGNACIO TOROTE 600 DPTO. 101",693
"151214","JR.  ISMAEL ESCOBAR 332 INT. A Urb. PAMPLONA BAJA",837
"151449","JR.  JERONIMO DE ALIAGA 121 Urb. SAN FELIPE",97
"151548","JR.  JOSE MARIA CORDOVA 3701 Urb. CONDEVILLA SENOR",39
"151560","JR.  JOSE MARIANO ARCE 111",309
"151800","JR.  JUAN FUENTE 324 Urb. CALERA DE LA MERCED",66
"152032","JR.  JUAN HOYLE PALACIOS 229 Urb. LA CORPORACION",350
"152045","JR.  JUAN VELASCO ALVARADO MZ 38 LTE 15 Urb. AA.HH.BUENOS AIRES DE VILLA",596
"152048","JR.  JUNIN 299",435
"154316","JR.  LA ALAMEDA MZ. Y LT. 18 Urb. PRADERAS DE SANTA ANITA",891
"154346","JR.  LA CONFRATERNIDAD MZ. U 5 LOTE 34 CON JR.  DIGNIDAD (EX CALLE 7) K 5 Urb. PROLONGACION II ETAPA",767
"154347","JR.  LA COSTANERA 105 Urb. LA PRADERA DE SANTA ANITA",358
"154348","JR.  LAA.HH.NRADEZ 719 Urb. PRO",705
"154355","JR.  LA MERCED 224 CESAR VALLEJO",642
"154356","JR.  LAS CORALINAS 770 Urb. LAS FLORES",868
"154358","JR.  LAS GUAYABAS MZ. F LTE.27 Urb. EL TREBOL",226
"154468","JR.  LAS MADRILENAS 226 Urb. VILLA JARDIN",282
"154724","JR.  LAS MAGNOLIAS 276 Urb. EL ERMITANO",130
"154964","JR.  LAS NAZARENAS 111 ASEN. LA MERCED 111",671
"154979","JR.  LAS PUQUINAS 110 Urb. SALALAMANCA DE MONTERRICO",115
"155309","JR.  LAS VERDOLAGAS 814 Urb. LAS FLORES",516
"155359","JR.  LEONCIO PRADO 754",336
"155674","JR.  LIMA MZ.42 LT.03",844
"155681","JR.  LOA 575",126
"155906","JR.  LOS ECONOMISTAS MZ.F-2 LT.12 Urb. ASOC. PRO.VIV. RAMON CASTILLA",492
"156014","JR.  LOS FILOSOFOS 134 Urb. ASOC. DE VIVI. HUANCARAY",875
"156024","JR.  LOS HALCONES 306 Urb. COO. DANIEL ALCIDES CARRION",861
"156037","JR.  LOS INGENIEROS AA.HH. JAIME ZUBIETA MZ. B LT. 01",544
"156217","JR.  LOS MOGABUROS 130",308
"156253","JR.  LOS PUTUTOS 286 Urb. ZARATE",48
"157639","JR.  LYON MZ.H LT.44 Urb. ASOC. BUENOS AIRES",291
"157679","JR.  MANUEL DE LARA 321 Urb. VILLA SOL",85
"157681","JR.  MANUEL SEGURA 416",91
"157912","JR.  MANUEL VELARDE 844-B",287
"158080","JR.  MARCARA 5393 Urb. VILLA DEL NORTE",423
"158089","JR.  MAYNAS 659 Urb. BARRIOS ALTOS",118
"158341","JR.  MIROQUEZADA 808 INT. 106 CON JR.  PARURO 909 (GALERIA EDIFICIO CENTRAL)",419
"158345","JR.  MONSEFU 388",238
"158346","JR.  MOQUEGUA 154",6
"158354","JR.  NECOCHEA 815",158
"158471","JR.  NICANOR HERNANDEZ 416 Urb. PAMPLONA BAJA",38
"158481","JR.  OMBUES 607 Urb. LAS FLORES",285
"158789","JR.  PABLO BERMUDEZ 218",269
"159150","JR.  PANCHO FIERRO 3473 Urb. PANAMERICANA NORTE",776
"159180","JR.  PARIACOTO 1299",254
"159182","JR.  PARIAHUANCA 759 Urb. PARQUE EL NARANJAL I ETAPA",778
"159199","JR.  PARURO 830",72
"159289","JR.  PATOS REF.ESQUINA CON EL JR.  GRAU 200",579
"159296","JR.  PEDRO DNONOFRIO 183",216
"159422","JR.  PEDRO PAULET 269 Urb. LA PASCANA",803
"159672","JR.  PEDRO RUIZ 351",294
"159800","JR.  PEREZ DE ARMENDARIZ AA.HH.JOSE CARLOS MARIATEGUI MZ. H7 LT. 42",864
"159804","JR.  PEREZ DE TUDELA 2026 Urb. MIRONES BAJO",185
"159860","JR.  PEREZ DE TUDELA 2799 MIRONES",56
"160100","JR.  PILCOMAYO 698",84
"160219","JR.  POMALCA 129 Urb. MARANGA",144
"160224","JR.  PUNO 1567",770
"160334","JR.  PUNO 1555 BARRIOS ALTOS",739
"160634","JR.  PUNO 1559 BARRIOS ALTOS",192
"160732","JR.  RENAN OLIVERA 253 Urb. LA COORPORACION",342
"160820","JR.  RESTAURACION 201 1",650
"160911","JR.  RICARDO PALMA 158 P.J. LA LIBERTAD",456
"160915","JR.  RIO MOCHE 390 MZ.N LT.01 Urb. AA.HH. JESUS OROPEZA",304
"160992","JR.  SALAVERRY 1206",18
"161024","JR.  SAN FELIPE 857",727
"161432","JR.  SAN GREGORIO 582 MZ. H 2 LOTE 24 Urb. SAN CARLOS",356
"161436","JR.  SAN LUCAS 290 Urb. PALAO",45
"161491","JR.  SANTA MARIA DE LOS ANGELES 654 Urb. SAN DIEGO REF: ALT. MCDO SENOR DE LOS MILAGROS",787
"161497","JR.  SANTA MARIA 194 Urb. PALAO ET.2",459
"161499","JR.  SANTA ROSA  158 PUEBLO JOVEN SENOR DE LOS MILAGROS",683
"161507","JR.  SANTIAGO AUGUSTO SALAVERRY 330 Urb. LUCYANA",99
"161563","JR.  TOLOMEO 195 Urb. LA CAMPINA",172
"162013","JR.  UCAYALI 631",467
"162173","JR.  VERDOLAGAS 679",116
"162243","JR.  YAHUAR HUACA 137 Urb. TAHUANTINSUYO",414
"162363","JR.  ZEGARRA BALLON 302 Urb. CONDEVILLA SENOR",43
"162471","JR.  ZEUS 994 Urb. MERCURIO",689
"162472","JR.  ZORRITOS 139",755
"162473","JR. ANTARES 498 Urb. VENTURA ROSSI",42
"162593","JR. JORGE CHAVEZ MZ.23 LT.6 Urb. AA.HH.NUEVO LURIN",836
"162600","JR. JOSE GALVEZ 258",161
"163608","JR. NELSON QUEIROLO QUEIROLO AA.HH.VINEDOS DE SURCO MZ.C LT.26",635
"163734","JR. PEDRO ZELAYA 874URB.SAN JAUNZONA D",22
"163874","JR. PORTUGUEZ 118",51
"164090","JR. SAN MARTIN 159 MZ. A LOTE 12 Urb. JOSE GALVEZ",562
"164126","JR. TOLOMEO  INT.A 175",589
"164144","LA CRUCETA II ETAPA INT. 103 Urb. LA CRUCETA II ETAPA",612
"164145","LA GLORA MZ. B LT. 1 Urb. LA GLORIA",511
"164163","LAS CASCADAS 303 MZ.T LT.12 Urb. LAS VINAS DE LA MOLINA",10
"164166","LOS JAZMINES DE NARANJAL MZ. S  LOTE 13",661
"164358","LOS PINOS MZ. D1 LT. 12 Urb. LOS PINOS",515
"164369","LOS PORTALES DE SANTA ANITA MZ. A15 LT. 38",857
"164385","LOTIZ NIEVERIA MZ.H LT.1 Urb. HUAA.HH.PA",71
"164530","P.J BAHIA SAN NICOLAS 105 Urb. GERMAN ASTETE",415
"164642","PASAJE DE LA ORFEBRERIA 198 C.H. TORRES DE LIMATAMBO (REF. EX. PASAJE DE LA ARQUEOLOGIA)",818
"164660","PASAJE LA LIBERTAD MZ G4 LOTE 12 Urb. TUPAC AMARU DE VILLA",548
"164780","PASAJE LOS ASTRONAUTAS 104 Y AV. FRANCISCO BOLOGNESI 398 104 Urb. MESA REDONDA",668
"164908","PEREZ DE TUDELA 3381 3381 Urb. MIRONES BAJO",443
"164978","PLAZA BOLOGNESI 532 ESQ. CON ALFONSO UGARTE 1498",110
"165099","PP.JJ. SAN HILARION MZ.M LT. 12",24
"165189","PROLONGACION JAVIER PRADO  -  ASOC. BELLO HORIZONTE MZ. B LT. 6",874
"165196","PROLONGACION AV.DEL AIRE 809 Urb. TUPAC AMARU",25
"165486","PROLONGACION AYACUCHO 1022 Urb. PANDO",103
"165576","PROLONGACION AYACUCHO 322 Urb. SAN MIGUELITO",16
"165639","PROLONGACION CUZCO 1185 MZ. B2-2  LTE. 45 Urb. PANDO II ETAPA",102
"165809","PROLONGACION FLOR DE AMANCAES MZ. A LOTE 14 AA.HH.MUNICIPA",248
"889809","PROLONGACION JAVIER PRADO 9200 MZ.G-2 LT.40 Urb. LOS....",251
"889853","PROLONGACION ANTONIO BAZO 1798",417
"889913","PROLONGACION CANGALLO 105",733
"889919","PROLONGACION LUCANAS 1285 (REF. ALT. CDRA 11 AV. MEXICO)",711
"890238","PROLONGACION MICAELA BASTIDAS MZ. T 2 LOTE 1 AA.HH. EL HORIZONTE",708
"890241","PROLONGACION NICOLAS DE PIEROLA 132",712
"890265","PROLONGACION SAN JUANSECTOR LEONCIO PRADO PAMPLONA ALTA MZ. X-10 LT.05",221
"890551","PROYECTOS ESPECIALES 2N ETAPA - CANTO MZ.46 LT. 18",70
"890727","PUEBLO JOVEN SAN GABRIEL .SAN GABRIEL ALTO AV. JOSE CARLOS MARIATEGUI 2394",609
"891101","PUEBLO TRADICIONAL JR. CASTILLA 464",613
"891197","SANTA PAULA MZ. Z-5 LOTE 14 - PANDO (REF. CRUCE CON JR. SANTA NICERATA)",826
"891206","SECTOR 1 GRUPO 25 MZ F. LT 17",604
"891251","SECTOR 2GRP.14 MZ.ALT.13 Urb. AA.HH.VILLA EL SALVADOR",140
"891278","SECTOR 3 GRUPO 07 MZ.A LT.16",587
"891280","SECTOR 7 GRUPO 01 INT. 30 ( REFERENCIA MERCADO JUAN VELASCO ALVARADO )",626
"891300","SECTOR II PROGRAMA CIUDAD MARISCAL CACERES MZ. T9 LT. 17 Urb. MARISCAL CACERES",527
"891335","SECTOR OLLANTAY MZ.M-3LT.1P.J.PAMPLONA ALTA",176
"891621","SECTOR 1 GRUPO.14 MZ.F LOTE.19",566
"891686","SECTOR 1 GRUPO.16 PUEBLO JOVEN VILLA EL SALVADOR MZ.I LOTE.16",620
"891689","SECTOR 1 GRUPO.17 MZ.N LT.05",588
"891725","SECTOR 1 GRUPO.3 MZ.A LTE.8",593
"891727","SECTOR 2 GRUPO.9 RUTA-A MZ.I LOTE.2",563
"892042","SECTOR 7 GRUPO.1 INT.23 MZ.2C LOTE SN",557
"892273","ST.2 GP.7 MZ.I LT.13",848
"892285","URB. ALAMEDA DE VILLASOL MZ.H2 LOTE 17",825
"892393","URB. COOVITIOMAR MZ.KLT.23",82
"892395","URB. LA ALBORADA MZ. A LOTE 3",684
"892472","URB. LAS PALMAS DE PAA.HH.CAMAC MZ. M  LT 12",641
"892538","URB. LOS PINOS MZ.D-1 LT.10",497
"892541","URB. LOS SAUCES MZ.B LT. 12",389
"892546","URB. MARISCAL CACERES MZ.A-6LT.18",479
"892550","URB. MARISCAL CACERES MZ.M-7 LT. 15",488
"892554","URB. MAYORAZGO MZ.U-1 LT.23",34
"892565","URB. SAN DIEGO MZ. N 1 LOTE 38  II ETAPA VIPOL",425
"892589","URB. SANTO DOMINGO II ETAPA MZ. J LOTE 20",209
"892596","URB.LAS BRISAS MZ.BLT.16",166
"892830","URB.NAVIDAD DE VILLA MZ. A LT. 2",107
"892852","MZ.A-29 LT.23 Urb. ASOC. CULTURA PERUANA MODERNA",219
"892857","MZ.B LT.1 Urb. AA.HH. JAVIER HERAUD",476
"892889","MZ. D1  LT. 13 Urb. URB. LOS PINOS",519
"893109","MZ. M LT. 7 Urb. COOP. VIV HUANCARAY",858
"893241","MZ. A LT. 3 Urb. OROPEZA CHONTA",873
"903771","MZ A LT 3 Urb. AA.HH.SOMOS LIBRES",887
"903836","MZ. C LT. 30 Urb. COOP. VIV. HUANCAYO",896
